<BackupInst xmlns="http://www.microsoft.com/GroupPolicy/GPOOperations/Manifest"><GPOGuid><![CDATA[{A77B1543-5CD7-4CC4-BAE8-33440D8BDA78}]]></GPOGuid><GPODomain><![CDATA[ad.elhmitre.local]]></GPODomain><GPODomainGuid><![CDATA[{0a20ba93-ce60-4029-87bb-587b7f6f760a}]]></GPODomainGuid><GPODomainController><![CDATA[elhmitre-dc.ad.elhmitre.local]]></GPODomainController><BackupTime><![CDATA[2023-02-23T15:09:00]]></BackupTime><ID><![CDATA[{BA7E41BF-BF6B-447D-866D-A976DCA0EC6C}]]></ID><Comment><![CDATA[]]></Comment><GPODisplayName><![CDATA[Cisco Secure Endpoint Security Logging GPO]]></GPODisplayName></BackupInst>
